order;name;label;type;group;required;options;placeholder;description;unit
10;object_name;Наименование объекта;text;Общие сведения;true;;ПАО «Газпром», ЛПУМГ, КС, цех;Организация и производственный объект;
20;installation_name;Наименование электроустановки;text;Общие сведения;true;;ВРУ-0,4 кВ, ТП-10/0,4 кВ, щит ЩС-3;Обозначение по однолинейной схеме;
30;voltage_class;Класс напряжения;dropdown;Общие сведения;true;До 1000 В|Выше 1000 В|Смешанная установка;;Определяет объём защитных мер и допуск персонала;
40;supply_system;Система заземления сети;dropdown;Общие сведения;true;TN-S|TN-C|TN-C-S|TT|IT;;ПУЭ глава 1.7, тип системы определяет защитные меры;
50;network_type;Род сети;dropdown;Общие сведения;true;Однофазная|Трёхфазная|Смешанная;;По проекту электроснабжения;
60;location_conditions;Условия размещения;dropdown;Общие сведения;true;Отапливаемое помещение|Неотапливаемое помещение|Сырое помещение|Особо сырое помещение|Жаркое помещение|Пыльное помещение|На открытом воздухе|Взрывоопасная зона;;ПУЭ глава 1.1, влияет на степень защиты оболочек;
70;inspection_date;Дата проверки;date;Общие сведения;true;;;;
80;inspection_time;Время начала проверки;time;Общие сведения;false;;;;
90;inspection_type;Вид проверки;dropdown;Общие сведения;true;Плановый осмотр|Внеплановый осмотр|ТО|Периодические испытания и измерения|После ремонта|Приёмосдаточные испытания;;;
100;executor;Проверку выполнил (ФИО, должность);text;Общие сведения;true;;Петров П.П., электромонтёр;Лицо, проводившее проверку;
110;outdoor_temp;Температура окружающего воздуха;number;Общие сведения;false;;18;;°C
120;regulatory_basis;Нормативная база проверки;text;Общие сведения;false;;ПУЭ, приказ Минэнерго № 811, приказ Минтруда № 903н;;
130;docs_schemes;Однолинейные схемы и схемы щитов;dropdown;Документация и организация эксплуатации;true;В наличии|Отсутствует|Частично;;Приказ Минэнерго России от 12.08.2022 № 811;
140;docs_actual;Схемы соответствуют фактическому исполнению;dropdown;Документация и организация эксплуатации;true;Соответствует|Не соответствует|Не применимо;;Расхождение схем и фактического исполнения не допускается;
150;docs_passports;Паспорта и инструкции на электрооборудование;dropdown;Документация и организация эксплуатации;true;В наличии|Отсутствует|Частично;;;
160;docs_protocols;Протоколы предыдущих испытаний и измерений;dropdown;Документация и организация эксплуатации;true;В наличии|Отсутствует|Частично;;Подтверждение периодичности испытаний;
170;responsible_person;Ответственный за электрохозяйство назначен;dropdown;Документация и организация эксплуатации;true;Соответствует|Не соответствует|Не применимо;;Приказ Минэнерго России от 12.08.2022 № 811;
180;staff_group;Группа по электробезопасности у персонала;dropdown;Документация и организация эксплуатации;true;I|II|III|IV|V;;Приказ Минтруда России от 15.12.2020 № 903н;
190;journal_operational;Оперативный журнал ведётся;dropdown;Документация и организация эксплуатации;false;Соответствует|Не соответствует|Не применимо;;;
200;journal_defects;Журнал дефектов и неполадок ведётся;dropdown;Документация и организация эксплуатации;false;Соответствует|Не соответствует|Не применимо;;;
210;test_schedule;График испытаний и измерений утверждён;dropdown;Документация и организация эксплуатации;true;Соответствует|Не соответствует|Не применимо;;;
220;insulation_test_date;Дата последнего измерения сопротивления изоляции;date;Документация и организация эксплуатации;false;;;;
230;grounding_test_date;Дата последнего измерения сопротивления заземления;date;Документация и организация эксплуатации;false;;;;
240;loop_test_date;Дата последнего измерения петли «фаза-нуль»;date;Документация и организация эксплуатации;false;;;;
250;ppe_available;Средства защиты и инструмент с изолирующими рукоятками;dropdown;Документация и организация эксплуатации;true;В наличии|Отсутствует|Частично;;Приказ Минтруда России от 15.12.2020 № 903н;
260;ppe_test_date;Дата последних испытаний средств защиты;date;Документация и организация эксплуатации;false;;;Средства защиты подлежат периодическим испытаниям;
270;posters_signs;Знаки безопасности и плакаты;dropdown;Документация и организация эксплуатации;false;Соответствует|Не соответствует|Не применимо;;;
280;grounding_device;Заземляющее устройство;dropdown;Заземление и защитные меры;true;Исправно|Неисправно|Не применимо;;ПУЭ глава 1.7;
290;grounding_measured;Сопротивление заземляющего устройства измерено;dropdown;Заземление и защитные меры;true;Выполнено|Не выполнено|Не требуется;;Периодичность по графику испытаний;
300;grounding_value;Измеренное сопротивление заземления;number;Заземление и защитные меры;false;;3,8;;Ом
310;grounding_norm;Сопротивление не превышает нормируемое;dropdown;Заземление и защитные меры;true;Соответствует|Не соответствует|Не применимо;;ПУЭ глава 1.7, не более 4 Ом для электроустановок до 1000 В;
320;grounding_continuity;Непрерывность цепи заземления проверена;dropdown;Заземление и защитные меры;true;Соответствует|Не соответствует|Не применимо;;Металлосвязь корпусов с заземляющим устройством;
330;loop_value;Сопротивление петли «фаза-нуль»;number;Заземление и защитные меры;false;;0,4;;Ом
340;loop_norm;Петля обеспечивает отключение защитным аппаратом;dropdown;Заземление и защитные меры;true;Соответствует|Не соответствует|Не применимо;;Ток КЗ должен превышать уставку автомата;
350;insulation_value;Сопротивление изоляции;number;Заземление и защитные меры;false;;20;;МОм
360;insulation_norm;Сопротивление изоляции не менее 0,5 МОм;dropdown;Заземление и защитные меры;true;Соответствует|Не соответствует|Не применимо;;ГОСТ Р 50571.16-2019, цепи напряжением до 1000 В;
370;test_voltage;Напряжение мегаомметра при измерении;number;Заземление и защитные меры;false;;1000;;В
380;neutral_grounding;Заземление нейтрали и повторное заземление;dropdown;Заземление и защитные меры;false;Соответствует|Не соответствует|Не применимо;;ПУЭ глава 1.7;
390;grounding_conductors;Сечение и материал заземляющих проводников;dropdown;Заземление и защитные меры;true;Соответствует|Не соответствует|Не применимо;;Соответствие проекту и ПУЭ глава 1.7;
400;grounding_connections;Соединения заземляющих проводников;dropdown;Заземление и защитные меры;false;Соответствует|Не соответствует|Не применимо;;Сварные и болтовые соединения, защита от коррозии;
410;grounding_marking;Маркировка PE-проводников;dropdown;Заземление и защитные меры;false;Соответствует|Не соответствует|Не применимо;;Жёлто-зелёная окраска или маркировка;
420;potential_bonding;Система уравнивания потенциалов;dropdown;Заземление и защитные меры;true;Соответствует|Не соответствует|Не применимо;;ПУЭ глава 1.7, основная и дополнительная система;
430;metal_parts_grounding;Заземление металлических нетоковедущих частей;dropdown;Заземление и защитные меры;true;Соответствует|Не соответствует|Не применимо;;;
440;cable_laying;Способ прокладки кабелей и проводов;dropdown;Кабельные линии и электропроводки;true;Открытая|Скрытая|В трубах|В лотках|В каналах|В земле;;ПУЭ глава 2.1;
450;cable_integrity;Оболочка кабелей без повреждений;dropdown;Кабельные линии и электропроводки;true;Исправно|Неисправно|Не применимо;;;
460;cable_insulation;Изоляция без трещин и следов перегрева;dropdown;Кабельные линии и электропроводки;true;Соответствует|Не соответствует|Не применимо;;;
470;cable_fastening;Крепление кабелей к конструкциям обеспечено;dropdown;Кабельные линии и электропроводки;false;Соответствует|Не соответствует|Не применимо;;;
480;cable_bend_radius;Радиусы изгиба соблюдены;dropdown;Кабельные линии и электропроводки;false;Соответствует|Не соответствует|Не применимо;;;
490;cable_junctions;Соединения выполнены в коробках, скруток нет;dropdown;Кабельные линии и электропроводки;true;Соответствует|Не соответствует|Не применимо;;Скрутки не допускаются;
500;cable_marking;Маркировка кабелей и жил;dropdown;Кабельные линии и электропроводки;false;Соответствует|Не соответствует|Не применимо;;;
510;cable_entries;Вводы кабелей в оборудование уплотнены;dropdown;Кабельные линии и электропроводки;true;Соответствует|Не соответствует|Не применимо;;;
520;cable_penetrations;Герметизация проходов через стены и перекрытия;dropdown;Кабельные линии и электропроводки;false;Соответствует|Не соответствует|Не применимо;;;
530;cable_clearance;Расстояния до трубопроводов и нагретых поверхностей;dropdown;Кабельные линии и электропроводки;false;Соответствует|Не соответствует|Не применимо;;;
540;cable_protection;Механическая защита в местах возможных повреждений;dropdown;Кабельные линии и электропроводки;false;Соответствует|Не соответствует|Не применимо;;;
550;wiring_boxes;Распределительные коробки закрыты и закреплены;dropdown;Кабельные линии и электропроводки;false;Соответствует|Не соответствует|Не применимо;;;
560;wiring_devices;Выключатели и розетки закреплены, без повреждений;dropdown;Кабельные линии и электропроводки;false;Соответствует|Не соответствует|Не применимо;;;
570;cable_defects;Выявленные дефекты кабельных линий;textarea;Кабельные линии и электропроводки;false;;Описание и место;;
580;panels_count;Количество щитов и распределительных устройств;number;Щиты и распределительные устройства;false;;4;;шт
590;panel_enclosure;Корпуса щитов без повреждений, двери закрыты;dropdown;Щиты и распределительные устройства;true;Соответствует|Не соответствует|Не применимо;;;
600;panel_locking;Запирающие устройства и надписи на щитах;dropdown;Щиты и распределительные устройства;false;Соответствует|Не соответствует|Не применимо;;;
610;panel_scheme_inside;Схема внутри щита соответствует фактической;dropdown;Щиты и распределительные устройства;true;Соответствует|Не соответствует|Не применимо;;;
620;panel_breakers;Автоматические выключатели;dropdown;Щиты и распределительные устройства;true;Исправно|Неисправно|Не применимо;;;
630;panel_ratings;Номиналы аппаратов защиты соответствуют проекту;dropdown;Щиты и распределительные устройства;true;Соответствует|Не соответствует|Не применимо;;Завышение номинала недопустимо;
640;panel_rcd;Устройства защитного отключения установлены;dropdown;Щиты и распределительные устройства;false;Соответствует|Не соответствует|Не применимо;;ПУЭ глава 7.1, защита от поражения током;
650;panel_rcd_test;Проверка УЗО кнопкой «Тест» выполнена;dropdown;Щиты и распределительные устройства;false;Выполнено|Не выполнено|Не требуется;;;
660;panel_rcd_tested;Измеренные параметры срабатывания УЗО;text;Щиты и распределительные устройства;false;;30 мА, 25 мс;Ток и время срабатывания по протоколу;
670;panel_terminals;Контактные соединения затянуты, нагрева нет;dropdown;Щиты и распределительные устройства;true;Соответствует|Не соответствует|Не применимо;;ГОСТ 10434-82, соединения контактные электрические;
680;panel_thermal;Термографическое обследование проведено;dropdown;Щиты и распределительные устройства;false;Выполнено|Не выполнено|Не требуется;;При наличии приборов тепловизионного контроля;
690;panel_clean;Отсутствие пыли и посторонних предметов;dropdown;Щиты и распределительные устройства;false;Соответствует|Не соответствует|Не применимо;;;
700;panel_dielectric;Диэлектрические коврики и средства защиты у щитов;dropdown;Щиты и распределительные устройства;false;В наличии|Отсутствует|Частично;;;
710;panel_labeling;Групповые надписи и маркировка аппаратов;dropdown;Щиты и распределительные устройства;false;Соответствует|Не соответствует|Не применимо;;;
720;motors_count;Количество электродвигателей;number;Электродвигатели и приводы;false;;3;;шт
730;motor_housing;Корпуса двигателей без повреждений, заземление выполнено;dropdown;Электродвигатели и приводы;true;Соответствует|Не соответствует|Не применимо;;;
740;motor_terminals;Клеммные коробки закрыты, вводы уплотнены;dropdown;Электродвигатели и приводы;true;Соответствует|Не соответствует|Не применимо;;;
750;motor_insulation;Сопротивление изоляции обмоток;number;Электродвигатели и приводы;false;;50;;МОм
760;motor_insulation_norm;Сопротивление изоляции обмоток в норме;dropdown;Электродвигатели и приводы;true;Соответствует|Не соответствует|Не применимо;;;
770;motor_cooling;Вентиляция и охлаждение обеспечены;dropdown;Электродвигатели и приводы;false;Соответствует|Не соответствует|Не применимо;;;
780;motor_bearings;Подшипники без постороннего шума и перегрева;dropdown;Электродвигатели и приводы;false;Исправно|Неисправно|Не применимо;;;
790;motor_vibration;Уровень вибрации в пределах нормы;dropdown;Электродвигатели и приводы;false;Соответствует|Не соответствует|Не применимо;;;
800;motor_protection;Защита от перегрузки и короткого замыкания настроена;dropdown;Электродвигатели и приводы;true;Соответствует|Не соответствует|Не применимо;;;
810;motor_starters;Пусковая аппаратура (контакторы, пускатели);dropdown;Электродвигатели и приводы;false;Исправно|Неисправно|Не применимо;;;
820;motor_control_circuits;Цепи управления и сигнализации работоспособны;dropdown;Электродвигатели и приводы;false;Исправно|Неисправно|Не применимо;;;
830;motor_interlocks;Блокировки и защита от самозапуска работоспособны;dropdown;Электродвигатели и приводы;false;Соответствует|Не соответствует|Не применимо;;;
840;lighting_operability;Рабочее освещение работоспособно;dropdown;Освещение и розеточные сети;true;Исправно|Неисправно|Не применимо;;;
850;lighting_emergency;Аварийное и эвакуационное освещение работоспособно;dropdown;Освещение и розеточные сети;true;Исправно|Неисправно|Не применимо;;;
860;lighting_fixtures;Светильники закреплены, без повреждений;dropdown;Освещение и розеточные сети;false;Соответствует|Не соответствует|Не применимо;;;
870;lighting_protection;Степень защиты светильников соответствует среде;dropdown;Освещение и розеточные сети;false;Соответствует|Не соответствует|Не применимо;;ПУЭ глава 6.2, IP по условиям помещения;
880;sockets_condition;Розетки и выключатели без повреждений;dropdown;Освещение и розеточные сети;false;Исправно|Неисправно|Не применимо;;;
890;sockets_protection;Розеточные группы защищены УЗО;dropdown;Освещение и розеточные сети;false;Соответствует|Не соответствует|Не применимо;;ПУЭ глава 7.1;
900;sockets_load;Нагрузка розеточных групп соответствует номиналу;dropdown;Освещение и розеточные сети;false;Соответствует|Не соответствует|Не применимо;;;
910;spd_present;Устройства защиты от импульсных перенапряжений (УЗИП);dropdown;Защита от перенапряжений и молниезащита;false;В наличии|Отсутствует|Частично;;;
920;spd_state;Индикаторы УЗИП в норме;dropdown;Защита от перенапряжений и молниезащита;false;Исправно|Неисправно|Не применимо;;;
930;spd_grounding;Заземление УЗИП выполнено;dropdown;Защита от перенапряжений и молниезащита;false;Соответствует|Не соответствует|Не применимо;;;
940;lightning_protection;Молниеприёмники и токоотводы;dropdown;Защита от перенапряжений и молниезащита;false;Исправно|Неисправно|Не применимо;;СО 153-34.21.122-2003, устройство молниезащиты;
950;lightning_joints;Соединения токоотводов без обрывов;dropdown;Защита от перенапряжений и молниезащита;false;Соответствует|Не соответствует|Не применимо;;;
960;lightning_value;Сопротивление заземлителя молниезащиты;number;Защита от перенапряжений и молниезащита;false;;8;;Ом
970;lightning_test_date;Дата последней проверки молниезащиты;date;Защита от перенапряжений и молниезащита;false;;;;
980;ex_marking;Маркировка взрывозащиты соответствует классу зоны;dropdown;Взрывозащищённое электрооборудование;false;Соответствует|Не соответствует|Не применимо;;ПУЭ глава 7.3, ГОСТ IEC 60079-17-2011;
990;ex_enclosure;Оболочки без повреждений, степень защиты сохранена;dropdown;Взрывозащищённое электрооборудование;false;Исправно|Неисправно|Не применимо;;;
1000;ex_cable_entries;Кабельные вводы уплотнены, заглушки установлены;dropdown;Взрывозащищённое электрооборудование;false;Соответствует|Не соответствует|Не применимо;;;
1010;ex_grounding;Заземление корпусов Ex-оборудования;dropdown;Взрывозащищённое электрооборудование;false;Соответствует|Не соответствует|Не применимо;;;
1020;ex_repairs;Ремонт выполнялся специализированной организацией;dropdown;Взрывозащищённое электрооборудование;false;Соответствует|Не соответствует|Не применимо;;;
1030;ex_documentation;Сертификаты и документы на Ex-оборудование;dropdown;Взрывозащищённое электрооборудование;false;В наличии|Отсутствует|Частично;;;
1040;ex_inspection_date;Дата последнего осмотра Ex-оборудования;date;Взрывозащищённое электрооборудование;false;;;;
1050;work_permit;Работы выполнялись по наряду-допуску или распоряжению;dropdown;Безопасность работ;true;Соответствует|Не соответствует|Не применимо;;Приказ Минтруда России от 15.12.2020 № 903н;
1060;voltage_check;Проверка отсутствия напряжения выполнена;dropdown;Безопасность работ;false;Выполнено|Не выполнено|Не требуется;;;
1070;portable_grounding;Переносное заземление применено;dropdown;Безопасность работ;false;Выполнено|Не выполнено|Не требуется;;;
1080;ppe_used;Средства защиты применены;dropdown;Безопасность работ;false;Выполнено|Не выполнено|Не требуется;;;
1090;insulated_tools;Инструмент с изолирующими рукоятками;dropdown;Безопасность работ;false;Соответствует|Не соответствует|Не применимо;;;
1100;warning_signs;Плакаты и знаки безопасности выставлены;dropdown;Безопасность работ;false;Выполнено|Не выполнено|Не требуется;;;
1110;first_aid;Аптечка и средства оказания первой помощи;dropdown;Безопасность работ;false;В наличии|Отсутствует|Частично;;;
1120;fire_safety;Средства пожаротушения в наличии и проверены;dropdown;Безопасность работ;false;В наличии|Отсутствует|Частично;;;
1130;defects_found;Выявленные дефекты и несоответствия;textarea;Заключение;true;;Перечень с указанием мест;;
1140;defects_critical;Дефекты, требующие немедленного устранения;textarea;Заключение;false;;Перечень критичных дефектов;;
1150;work_performed;Работы, выполненные при проверке;textarea;Заключение;false;;Подтяжка контактов, замена ламп, чистка щитов;;
1160;condition_assessment;Оценка технического состояния электроустановки;dropdown;Заключение;true;Исправно|Работоспособно|Ограниченно работоспособно|Не работоспособно;;;
1170;operation_permission;Возможность дальнейшей эксплуатации;dropdown;Заключение;true;Допускается|Допускается с ограничениями|Не допускается;;;
1180;repair_required;Требуется ремонт или замена;dropdown;Заключение;false;Да|Нет;;;
1190;repair_deadline;Срок устранения замечаний;date;Заключение;false;;;;
1200;next_check_date;Дата следующей проверки;date;Заключение;true;;;;
1210;recommendation;Рекомендации по результатам проверки;textarea;Заключение;false;;Мероприятия по устранению замечаний;;
1220;approver;Проверку согласовал (ФИО, должность);text;Заключение;false;;Иванов И.И., главный энергетик;;
1230;notes;Примечания;textarea;Заключение;false;;Дополнительная информация;;
