Поле,Тип,Обязательное,Варианты,Подсказка
Номер_объекта,text,true,,Введите инвентарный номер
Дата_осмотра,date,true,,Выберите дату осмотра
Тип_оборудования,dropdown,true,Насос;Компрессор;Вентилятор;Трансформатор;Электродвигатель,Выберите тип
Модель,text,false,,Укажите модель
Серийный_номер,text,false,,Введите серийный номер
Состояние,dropdown,true,Отличное;Хорошее;Удовлетворительное;Требует ремонта;Аварийное,Оцените состояние
Температура,number,false,,°C
Давление,number,false,,атм или МПа
Вибрация,dropdown,false,Нормальная;Повышенная;Критическая,Уровень вибрации
Срок_эксплуатации,number,false,,лет
Замечания,textarea,false,,
ФИО_инспектора,text,true,,Ваше ФИО