order,name,label,type,group,required,options,placeholder,description,unit
10,object_number,Номер объекта,text,Общие сведения,true,,Введите инвентарный номер,Уникальный идентификатор объекта,
20,inspection_date,Дата проверки,date,Общие сведения,true,,,Дата проведения проверки,
30,inspector,Инспектор,text,Общие сведения,true,,Введите ФИО инспектора,Ответственный за проведение проверки,
40,equipment_type,Тип оборудования,dropdown,Паспортные данные,true,Насос;Компрессор;Вентилятор;Трансформатор;Электродвигатель,,Выберите тип оборудования,
50,model,Модель,text,Паспортные данные,false,,Введите модель,Маркировка производителя,
60,serial_number,Серийный номер,text,Паспортные данные,false,,Введите серийный номер,Заводской серийный номер,
70,condition,Состояние,dropdown,Результаты осмотра,true,Отличное;Хорошее;Удовлетворительное;Требует ремонта;Аварийное,,Общая оценка технического состояния,
80,temperature,Температура,number,Результаты осмотра,false,,Введите температуру,Измерьте температуру корпуса,°C
90,pressure,Давление,number,Результаты осмотра,false,,Введите давление,Измеренное давление,МПа
100,vibration,Вибрация,dropdown,Результаты осмотра,false,Нормальная;Повышенная;Критическая,,Оценка уровня вибрации,
110,service_life,Срок эксплуатации,number,Результаты осмотра,false,,Введите количество лет,Возраст оборудования,лет
120,comments,Замечания,textarea,Заключение,false,,Введите замечания,Дополнительные комментарии,